<?xml version="1.0" encoding="UTF-8"?>
<beans xmlns="http://www.springframework.org/schema/beans"
	xmlns:xsi="http://www.w3.org/2001/XMLSchema-instance"
	xsi:schemaLocation="http://www.springframework.org/schema/beans
	http://www.springframework.org/schema/beans/spring-beans-3.0.xsd">
	
	<!-- Define datasource -->
	<!-- jndi format: java:jboss/jdbc/xxxxxx or java:/jdbc/xxxxxx -->
	<bean id="JndiDatasource" class="org.springframework.jndi.JndiObjectFactoryBean">
		<property name="jndiName" value="java:/jdbc/wechatdemo/wechatdemo_datasource"></property>
	</bean>
	
<!-- 	<bean id="SimpleDatasource" class="org.springframework.jdbc.datasource.DriverManagerDataSource"> -->
<!-- 		<property name="driverClassName" value="com.microsoft.sqlserver.jdbc.SQLServerDriver" /> -->
<!-- 		<property name="url" value="jdbc:sqlserver://{server}:{port};DatabaseName={databaseName}" /> -->
<!-- 		<property name="username" value="xxxxxx" /> -->
<!-- 		<property name="password" value="xxxxxx" /> -->
<!-- 	</bean> -->
</beans>