<!DOCTYPE jboss-web PUBLIC
   "-//JBoss//DTD Web Application 5.0//EN"
   "http://www.jboss.org/j2ee/dtd/jboss-web_5_0.dtd">

<jboss-web>    	
    <!-- For load class independently指定使用项目的包 -->  
    <class-loading java2ClassLoadingCompliance='true'>  
        <loader-repository>  
           com.coms:archive=unique-archive-name   
            <loader-repository-config>  
                java2ParentDelegaton=true  
          </loader-repository-config>  
        </loader-repository>  
   </class-loading>  
   <context-root>lightweb</context-root>
</jboss-web>
